{
  "0" : {
    "id" : 0,
    "生命" : 0.0,
    "物伤" : 0.0,
    "法伤" : 0.0,
    "物防" : 0.0,
    "法防" : 0.0,
    "速度" : 0.0,
    "幸运" : 0.0,
    "战斗力" : 0.0,
    "神佑率" : 0.0
  },
  "1" : {
    "id" : 1,
    "生命" : 800.0,
    "物伤" : 160.0,
    "法伤" : 160.0,
    "物防" : 104.0,
    "法防" : 104.0,
    "速度" : 47.99999999999999,
    "幸运" : 20.0,
    "战斗力" : 1297.0,
    "神佑率" : 0.01
  },
  "2" : {
    "id" : 2,
    "生命" : 1600.0,
    "物伤" : 320.0,
    "法伤" : 320.0,
    "物防" : 208.0,
    "法防" : 208.0,
    "速度" : 95.99999999999999,
    "幸运" : 40.0,
    "战斗力" : 2594.0,
    "神佑率" : 0.02
  },
  "3" : {
    "id" : 3,
    "生命" : 2400.0,
    "物伤" : 480.0,
    "法伤" : 480.0,
    "物防" : 312.0,
    "法防" : 312.0,
    "速度" : 143.99999999999997,
    "幸运" : 60.0,
    "战斗力" : 3891.0,
    "神佑率" : 0.03
  },
  "4" : {
    "id" : 4,
    "生命" : 3200.0,
    "物伤" : 640.0,
    "法伤" : 640.0,
    "物防" : 416.0,
    "法防" : 416.0,
    "速度" : 191.99999999999997,
    "幸运" : 80.0,
    "战斗力" : 5188.0,
    "神佑率" : 0.04
  },
  "5" : {
    "id" : 5,
    "生命" : 4000.0,
    "物伤" : 800.0,
    "法伤" : 800.0,
    "物防" : 520.0,
    "法防" : 520.0,
    "速度" : 239.99999999999997,
    "幸运" : 100.0,
    "战斗力" : 6485.0,
    "神佑率" : 0.05
  },
  "6" : {
    "id" : 6,
    "生命" : 4800.0,
    "物伤" : 960.0,
    "法伤" : 960.0,
    "物防" : 624.0,
    "法防" : 624.0,
    "速度" : 287.99999999999994,
    "幸运" : 120.0,
    "战斗力" : 7782.0,
    "神佑率" : 0.06
  },
  "7" : {
    "id" : 7,
    "生命" : 5600.0,
    "物伤" : 1120.0,
    "法伤" : 1120.0,
    "物防" : 728.0,
    "法防" : 728.0,
    "速度" : 335.99999999999994,
    "幸运" : 140.0,
    "战斗力" : 9079.0,
    "神佑率" : 0.07
  },
  "8" : {
    "id" : 8,
    "生命" : 6400.0,
    "物伤" : 1280.0,
    "法伤" : 1280.0,
    "物防" : 832.0,
    "法防" : 832.0,
    "速度" : 383.99999999999994,
    "幸运" : 160.0,
    "战斗力" : 10376.0,
    "神佑率" : 0.08
  },
  "9" : {
    "id" : 9,
    "生命" : 7200.0,
    "物伤" : 1440.0,
    "法伤" : 1440.0,
    "物防" : 936.0,
    "法防" : 936.0,
    "速度" : 431.99999999999994,
    "幸运" : 180.0,
    "战斗力" : 11673.0,
    "神佑率" : 0.09
  },
  "10" : {
    "id" : 10,
    "生命" : 8000.0,
    "物伤" : 1600.0,
    "法伤" : 1600.0,
    "物防" : 1040.0,
    "法防" : 1040.0,
    "速度" : 479.99999999999994,
    "幸运" : 200.0,
    "战斗力" : 12970.0,
    "神佑率" : 0.1
  }
}